22__31282293__31283288__ENSG00000100100,	4077	1.07808	157.35	24.7746	8.21128e-08	rs11703927	-33316	28	37	0.4625	1	6.26994e-09	1.01295	0.125099	9.999e-05	5.18204e-06	0.0014706974429613
17__47361377__47377903__ENSG00000178852,	3408	1.04704	118.159	25.2277	2.04713e-10	rs4968317	-20633	21	31	0.3875	1	8.84597e-12	1.12846	0.103443	9.999e-05	1.03873e-08	7.73846030073849e-06
17__47361377__47379253__ENSG00000178852,	3408	1.00805	99.8137	24.0383	3.28961e-10	rs7208530	105363	21	30	0.375	1	4.73768e-12	1.08918	0.0972373	9.999e-05	2.84863e-08	1.73939216842013e-05
17__47370436__47379253__ENSG00000178852,	3421	1.03786	123.779	25.6016	5.42329e-07	rs4794371	179890	25	35	0.4375	1	9.37237e-08	-0.857205	0.121589	9.999e-05	4.59019e-05	0.00911908531581111
17__47402131__47416908__ENSG00000178852,	3469	1.052	116.95	25.1258	2.05776e-06	rs7208530	64609	21	30	0.375	1	3.27609e-07	0.973782	0.14796	0.00019998	0.000152532	0.0233097829097958
17__82905935__82911789__ENSG00000141556,	3391	1.00182	166.977	24.1402	5.0081e-08	rs5822550	-8401	24	31	0.3875	1	2.17948e-09	1.16767	0.137026	9.999e-05	8.18005e-06	0.00203135855589858
9__33948373__33956146__ENSG00000137073,	4473	1.03618	191.888	25.1484	8.98045e-07	rs10972101	469378	7	8	0.1	1	1.27818e-07	1.26861	0.18298	9.999e-05	0.000123977	0.0199701473853785
9__104750955__104759171__ENSG00000136783,	5276	1.01323	267.612	26.6098	7.01637e-16	rs7034016	-7975	19	21	0.2625	1	3.45361e-17	1.38341	0.077468	9.999e-05	1.26694e-13	7.55088609622722e-10
9__111786792__111787947__ENSG00000165181,	4999	1.05163	268.695	26.6891	6.51644e-11	rs995059	-109563	27	38	0.475	1	9.5802e-12	-1.12739	0.103697	9.999e-05	6.80683e-09	6.76138280770759e-06
10__5699524__5714207__ENSG00000108021,	7021	1.02438	583.646	27.0516	8.37904e-11	rs7910414	-8357	20	23	0.2875	1	1.73143e-11	-1.47112	0.138786	9.999e-05	3.21032e-08	1.73939216842013e-05
10__7797046__7802854__ENSG00000165629,	6302	1.00114	305.606	22.407	8.7225e-09	rs2802460	-9973	13	18	0.225	1	5.36778e-11	1.18205	0.117136	9.999e-05	2.62561e-06	0.000823604077255149
10__32543299__32584304__ENSG00000216937,	5150	1.07089	207.09	25.8508	7.93494e-07	rs7895395	300057	14	15	0.1875	1	1.65809e-07	-0.778246	0.113856	9.999e-05	8.58523e-05	0.0159898292933941
10__32543299__32623817__ENSG00000216937,	5150	1.08018	197.135	25.5562	3.29696e-06	rs7895395	300057	14	15	0.1875	1	7.04141e-07	-0.839372	0.13326	0.00029997	0.000348079	0.0476627219914993
10__45939360__45962994__ENSG00000239883,	1527	1.01111	72.0192	26.5645	6.36315e-07	rs35510597	-140300	24	35	0.4375	1	1.92004e-07	-0.649274	0.0957573	9.999e-05	4.08198e-05	0.00838908791562335
12__9606352__9622436__ENSG00000284634,	5162	0.990847	178.243	22.6336	5.52437e-07	rs112576881	-202424	8	8	0.1	1	1.34539e-08	1.87958	0.241089	0.00029997	0.000107549	0.0188525165489786
12__11121009__11124323__ENSG00000231887,ENSG00000275778,ENSG00000212127,	5238	1.02929	381.762	26.859	9.85254e-08	rs7313683	-1417	27	33	0.4125	1	3.00372e-08	1.05307	0.140703	9.999e-05	2.75597e-05	0.00608348711728853
12__28305648__28391411__ENSG00000123106,	5179	1.08321	261.29	25.7828	2.70267e-06	rs11049689	213528	18	20	0.25	1	6.31548e-07	-1.18336	0.186685	0.00039996	0.000371886	0.0492537369441604
12__89459637__89472275__ENSG00000139323,	2730	1.0198	147.376	25.4883	3.21273e-09	rs11105304	42046	27	37	0.4625	1	2.58791e-10	0.988299	0.105051	9.999e-05	3.51914e-07	0.000149813303238382
12__89466769__89472275__ENSG00000139323,	2738	1.04819	173.55	26.0207	1.34943e-08	rs12303240	-28124	28	38	0.475	1	1.95726e-09	1.00682	0.117548	9.999e-05	1.22784e-06	0.000457365778193503
5__65508066__65529199__n/a	3957	1.03322	195.84	26.3605	3.90973e-07	rs6891955	34864	29	37	0.4625	1	1.0071e-07	1.17077	0.166708	9.999e-05	5.50887e-05	0.0105911398123401
5__65528451__65529199__ENSG00000123219,	3979	1.07398	183.422	25.5676	6.31394e-12	rs245537	-42662	30	37	0.4625	1	2.36576e-13	1.23092	0.0971068	9.999e-05	2.44569e-10	4.85872170128602e-07
5__65567512__65572286__ENSG00000113593,	4043	0.988428	133.405	23.0074	2.4951e-11	rs36222	89309	18	21	0.2625	1	6.06779e-14	1.39288	0.10404	9.999e-05	4.19231e-09	4.99718302209644e-06
5__146168127__146172774__ENSG00000133706,	3497	0.969606	139.18	23.9703	2.19751e-09	rs35131794	-6276	19	27	0.3375	1	4.37879e-11	1.09212	0.107262	9.999e-05	4.88554e-07	0.000194116827729605
5__154033790__154034967__ENSG00000055147,	4834	1.03942	250.546	25.7941	1.38161e-08	rs375232	-49211	28	38	0.475	1	1.70387e-09	-0.821679	0.0953032	9.999e-05	2.07301e-06	0.000686389708288386
11__108227594__108235834__ENSG00000149311,	4280	1.0581	211.038	26.8363	1.14378e-10	rs637064	42587	29	34	0.425	1	2.00725e-11	-1.02387	0.0972091	9.999e-05	8.49383e-09	7.23181646337042e-06
6__32877052__32879608__n/a	15131	1.03997	171.213	21.3988	1.27384e-07	rs9276815	-19323	19	23	0.2875	1	6.98837e-10	1.20788	0.13437	9.999e-05	1.39574e-05	0.0031994332073124
6__90206568__90271941__ENSG00000112182,	4144	1.02776	381.014	27.3801	6.16068e-12	rs11757155	24952	18	26	0.325	1	1.44734e-12	-1.03078	0.0875756	9.999e-05	1.33608e-09	1.99073908303615e-06
6__90249688__90271941__ENSG00000112182,	4085	1.03106	309.787	26.0434	6.13081e-08	rs11757155	-18168	18	26	0.325	1	1.07088e-08	-0.90225	0.114416	9.999e-05	1.33701e-05	0.00318739963045345
6__158267233__158314268__ENSG00000130338,	5943	1.03556	277.121	25.1937	4.63771e-07	rs4313021	-14678	27	37	0.4625	1	6.1447e-08	1.06165	0.147242	9.999e-05	9.20252e-05	0.0166201408974075
4__130787__131505__ENSG00000250312,	2672	0.966481	79.7701	21.9199	1.05014e-06	rs6847489	-118827	11	12	0.15	1	1.80708e-08	1.41189	0.183814	0.00039996	0.000116314	0.0196035663450356
7__12224225__12229819__ENSG00000106460,	7706	1.04683	410.191	26.4512	1.00901e-14	rs4719302	-18232	24	29	0.3625	1	5.15329e-16	1.22652	0.0760781	9.999e-05	1.18833e-12	3.54118761532894e-09
7__30550635__30574881__ENSG00000196295,	4555	1.04184	253.675	24.7066	1.41489e-06	rs9648369	18410	24	29	0.3625	1	1.67366e-07	1.12774	0.165072	0.00039996	0.000252866	0.036757710504484
7__30572999__30574881__ENSG00000196295,	4551	1.00795	228.435	24.5254	7.83553e-10	rs38486	-169	15	17	0.2125	1	2.16062e-11	1.31578	0.125322	9.999e-05	1.5766e-07	7.22803157414523e-05
7__38242427__38256585__n/a	5537	1.04639	170.903	20.7531	2.94815e-06	rs12701613	2892	9	11	0.1375	1	2.97588e-08	1.4427	0.19267	0.00049995	0.000347102	0.0476627219914993
7__66993216__66994341__ENSG00000126524,	6433	1.02719	107.614	23.5059	2.02685e-08	rs6958030	-229	20	25	0.3125	1	4.32013e-10	1.14299	0.124365	9.999e-05	1.5125e-06	0.000530259347466367
3__56666259__56673725__ENSG00000163946,	4628	1.05091	189.922	26.5531	2.78228e-06	rs11718962	-416624	26	32	0.4	1	9.53288e-07	1.05495	0.170495	9.999e-05	0.000351876	0.0476627219914993
1__58506059__58534331__ENSG00000162600,	4676	1.02779	301.323	27.3574	2.62157e-08	rs11207236	-31544	19	25	0.3125	1	9.90765e-09	-0.955232	0.120667	9.999e-05	5.63103e-06	0.00151447770448351
1__58506059__58536741__ENSG00000162600,	4676	1.04528	292.895	27.1422	2.86977e-10	rs147589561	12294	19	26	0.325	1	6.97238e-11	-0.965811	0.0968152	9.999e-05	3.94097e-08	1.95732865399102e-05
1__155676547__155679512__ENSG00000163374,	2440	1.0129	184.243	25.8734	3.23835e-08	rs6692183	-342012	16	17	0.2125	1	4.68492e-09	1.03594	0.126131	9.999e-05	5.08084e-06	0.0014706974429613
1__155676547__155784089__n/a	2440	1.01711	181.486	25.8734	3.97254e-08	rs6692183	-342012	16	17	0.2125	1	5.88877e-09	1.0796	0.132921	9.999e-05	5.84452e-06	0.00151447770448351
1__156333546__156334918__ENSG00000163468,	3046	1.04378	204.369	26.723	1.75826e-06	rs2287027	-73758	23	29	0.3625	1	6.28555e-07	-0.823202	0.129832	9.999e-05	0.000249084	0.036757710504484
1__244843134__244848856__ENSG00000153187,	5230	0.993818	510.05	26.5305	5.5172e-11	rs10927332	-5773	11	12	0.15	1	6.91716e-12	1.45916	0.132368	9.999e-05	3.14148e-08	1.73939216842013e-05
2__30525586__30533314__ENSG00000172954,	4802	1.04282	385.693	26.9156	1.61892e-07	rs13392757	45141	15	15	0.1875	1	5.30244e-08	1.53512	0.211264	9.999e-05	4.04885e-05	0.00838908791562335
2__48328560__48346751__ENSG00000170802,	5161	1.04964	257.98	24.9332	7.18663e-07	rs17396440	-285444	7	9	0.1125	1	8.69563e-08	-1.24366	0.175698	0.00019998	0.000118412	0.0196035663450356
2__196139619__196146055__ENSG00000081320,	3191	1.02706	121.275	26.2926	1.57886e-06	rs1350101	52034	21	27	0.3375	1	4.50564e-07	0.967596	0.149705	0.00019998	0.000150121	0.0233097829097958
