11__122776218__122777210__ENSG00000154127	4654	1.01501	338.236	25.3812	3.89986e-07	rs77155503	467471	5	5	0.0625	1	1.94906e-08	2.10742	0.281451	0.00019998	0.000114616	0.0349660407272727
12__89466769__89472275__ENSG00000139323	2738	1.02298	167.731	26.6406	1.73562e-07	rs76074945	24162	28	37	0.4625	1	1.66365e-08	0.959024	0.127087	9.999e-05	2.26763e-05	0.009234923175
7__12224225__12229819__ENSG00000106460	7706	1.04559	352.1	25.6234	1.73416e-10	rs4719302	-18232	24	29	0.3625	1	2.04606e-12	1.16753	0.104337	9.999e-05	2.80706e-08	3.04846716e-05
7__66993216__66994341__ENSG00000126524	6433	1.03454	111.107	23.8918	1.458e-06	rs868961	-20996	24	30	0.375	1	3.82102e-08	1.06572	0.147189	9.999e-05	0.000118056	0.0349660407272727
9__104750955__104759171__ENSG00000136783	5276	1.02313	200.005	23.9887	1.27405e-10	rs7034016	-7975	19	21	0.2625	1	2.3979e-13	1.26347	0.103779	9.999e-05	1.68363e-08	2.74263327e-05
10__7797046__7802854__ENSG00000165629	6302	1.02156	308.378	22.4387	1.35897e-08	rs2802460	-9973	13	18	0.225	1	2.19472e-11	1.20845	0.118951	9.999e-05	3.17933e-06	0.002071651428
5__65528451__65529199__ENSG00000123219	3979	1.04119	199.477	26.4348	1.53104e-07	rs245531	-43543	30	38	0.475	1	1.26166e-08	1.08806	0.142254	9.999e-05	1.95501e-05	0.00909917511428572
5__65567512__65572286__ENSG00000113593	4043	0.993265	129.113	22.8262	8.71111e-11	rs36222	89309	18	21	0.2625	1	3.47949e-14	1.41308	0.107795	9.999e-05	1.27585e-08	2.74263327e-05
5__154033790__154034967__ENSG00000055147	4834	1.06468	267.517	26.35	1.137e-07	rs815624	80577	29	39	0.4875	1	8.42549e-09	0.921493	0.11815	9.999e-05	1.50858e-05	0.0081915894
3__121635734__121637256__ENSG00000180353	4286	1.04694	172.496	26.3863	1.48027e-06	rs3772126	1	18	21	0.2625	1	1.74542e-07	-1.18676	0.177358	9.999e-05	0.00016965	0.0425169
17__82905935__82911789__ENSG00000141556	3391	1.02791	173.59	24.3762	1.10048e-06	rs6502015	24352	23	30	0.375	1	3.66871e-08	1.07068	0.14757	0.00029997	0.000148623	0.0403511445
2__30525586__30533314__ENSG00000172954	4802	1.02621	411.076	27.5367	3.6583e-07	rs1723156	-72627	17	19	0.2375	1	6.6154e-08	1.38145	0.196208	0.00039996	0.000118055	0.0349660407272727
1__58506059__58539310__ENSG00000162600	4676	1.05814	292.325	26.8586	4.63588e-09	rs147589561	12294	19	26	0.325	1	2.93285e-10	-1.02838	0.113065	9.999e-05	6.02184e-07	0.000490478868
1__59321535__59346398__ENSG00000172456	4191	1.02059	255.69	25.9988	9.51179e-07	rs112373265	315003	6	6	0.075	1	8.33035e-08	1.83589	0.263878	0.00029997	0.000203089	0.0472617115714286
