14__35651804__35659196__ENSG00000174373	4490	1.06539	183.225	25.3934	2.23265e-08	rs12883816	-85284	13	13	0.1625	1	6.03788e-10	1.57089	0.178317	9.999e-05	1.76591e-06	0.00100224886851851
14__67592634__67593952__ENSG00000100564	3114	0.969831	94.0605	23.0926	9.92228e-07	rs17105461	760718	5	5	0.0625	1	1.31865e-08	2.16637	0.28384	0.00029997	0.000125004	0.0341190374389528
14__71009633__71013202__ENSG00000100731	4501	0.988872	138.001	22.4629	7.05665e-13	rs72724310	-94377	11	14	0.175	1	2.82172e-17	1.25596	0.0738237	9.999e-05	1.26444e-10	3.1576058015199e-07
16__23413447__23417121__ENSG00000168434	3716	0.948085	156.819	21.6273	7.3769e-07	rs3096146	187951	8	8	0.1	1	2.74096e-09	1.89036	0.229868	0.00059994	0.000189106	0.0445511714860291
9__104750955__104759171__ENSG00000136783	5276	1.03209	217.816	25.1512	5.381e-15	rs7034016	-7975	19	21	0.2625	1	3.55483e-18	1.43697	0.0784965	9.999e-05	4.78777e-13	2.98904857651271e-09
19__1032391__1032696__ENSG00000064666	5601	1.03114	997.539	28.348	2.12642e-08	rs1141534	298	17	18	0.225	1	4.58612e-09	-1.36311	0.169792	9.999e-05	1.49698e-05	0.00549751940031028
19__12928341__12928847__ENSG00000179115	3620	1.03787	352.557	26.7496	3.79781e-07	rs8110787	-39698	24	31	0.3875	1	4.40297e-08	-0.800395	0.11134	0.00019998	9.39586e-05	0.0272833548211698
8__73552011__73688813__ENSG00000040341	4350	0.983856	184.291	23.4801	3.54613e-07	rs112951212	344826	7	7	0.0875	1	4.5092e-09	1.95272	0.243042	9.999e-05	7.68622e-05	0.0239928870327559
3__121635734__121637256__ENSG00000180353	4286	1.06714	178.424	26.3742	5.23342e-08	rs3772126	1	18	21	0.2625	1	3.44613e-09	-1.21378	0.149177	9.999e-05	4.16571e-06	0.00192643765347879
3__138570317__138571356__ENSG00000114107	3174	1.01117	160.006	27.0523	1.6377e-11	rs56310166	-46241	27	34	0.425	1	5.31041e-13	1.18652	0.100525	9.999e-05	2.09167e-09	3.0204353717434e-06
3__138570317__138572932__ENSG00000114107	3174	1.02307	143.227	26.0836	5.56251e-14	rs1679169	-93631	28	35	0.4375	1	2.28395e-16	1.25882	0.0797537	9.999e-05	4.37517e-12	1.36572931244621e-08
3__138570317__138572984__ENSG00000114107	3174	1.00292	146.069	26.3742	7.66648e-10	rs1679169	-93631	28	35	0.4375	1	2.42805e-11	1.22405	0.120994	9.999e-05	1.06742e-07	7.84000074587396e-05
3__170295910__170297393__ENSG00000163558	3755	1.00962	172.063	25.0301	2.62983e-08	rs9862393	363667	7	7	0.0875	1	5.53167e-10	2.05747	0.232641	9.999e-05	4.0037e-06	0.00192272808326599
15__58621470__58643978__ENSG00000137845	4537	1.0326	248.861	24.5094	4.99426e-07	rs4581654	-100104	17	22	0.275	1	1.47838e-08	0.799256	0.105305	9.999e-05	9.14078e-05	0.0271746310039915
15__68086305__68146700__ENSG00000033800	3223	0.931687	132.262	22.9352	3.75427e-07	rs1489598	-28751	21	25	0.3125	1	3.17454e-09	1.21539	0.148804	9.999e-05	0.000100404	0.0284923340925451
7__12224225__12229819__ENSG00000106460	7706	1.03853	424.61	26.7617	1.55442e-14	rs4719302	-18232	24	29	0.3625	1	1.25658e-16	1.23562	0.0766156	9.999e-05	2.40712e-12	1.00185801315926e-08
7__22976209__22991139__ENSG00000122591	4886	1.06127	290.908	25.9625	1.71887e-07	rs10234671	-22336	24	28	0.35	1	1.06386e-08	-0.908688	0.117824	0.00019998	2.65318e-05	0.00920224737221899
7__32632542__32679130__ENSG00000229358	5458	0.914658	92.8898	19.266	2.52392e-09	rs34028383	-130399	9	11	0.1375	1	3.16529e-14	1.69156	0.128577	9.999e-05	8.91883e-07	0.00053029591399712
7__66127703__66134374__ENSG00000249319	4213	1.02136	64.136	25.2238	1.81521e-08	rs150622550	125918	10	13	0.1625	1	4.09616e-10	-1.01079	0.112778	9.999e-05	8.6166e-07	0.00053029591399712
7__66993216__66994341__ENSG00000126524	6433	1.06729	103.347	22.7414	8.69269e-08	rs6958030	-229	20	25	0.3125	1	3.72473e-10	1.16649	0.129605	9.999e-05	3.99082e-06	0.00192272808326599
4__10097710__10103986__ENSG00000071127	5791	1.00029	125.943	22.584	3.06159e-08	rs12640847	-17581	16	18	0.225	1	7.74742e-11	1.32302	0.137327	9.999e-05	3.84142e-06	0.00192272808326599
4__36210389__36214480__ENSG00000047365	6772	0.999936	182.712	24.6426	2.16114e-07	rs984431	-123021	5	5	0.0625	1	5.665e-09	2.2841	0.287367	0.00019998	3.95127e-05	0.0129832314735664
12__28225794__28259442__ENSG00000123106	5124	1.06366	298.031	26.7254	2.14724e-15	rs11049369	-79252	18	20	0.25	1	1.20689e-17	-1.70784	0.0974036	9.999e-05	1.04145e-13	1.30037351000953e-09
12__28255580__28259442__ENSG00000123106	5131	1.08226	276.046	26.3984	5.27813e-09	rs184460060	70969	19	21	0.2625	1	2.38164e-10	-1.51138	0.164662	9.999e-05	4.64956e-07	0.000322529201124496
12__28305648__28391411__ENSG00000123106	5179	1.05995	286.743	26.4348	1.05971e-06	rs11049689	213528	18	20	0.25	1	1.21232e-07	-1.18607	0.173858	9.999e-05	0.000182098	0.0437251715296564
12__89459637__89472275__ENSG00000139323	2730	0.969567	135.094	24.9816	3.02629e-09	rs11105304	42046	27	37	0.4625	1	3.65899e-11	0.97652	0.0981961	9.999e-05	6.47709e-07	0.000425653315238503
12__89466769__89472275__ENSG00000139323	2738	1.06425	143.951	24.134	1.60218e-07	rs12303240	-28124	28	38	0.475	1	2.65625e-09	0.95788	0.116309	0.00019998	1.1291e-05	0.00469938300815133
12__103976917__103980962__ENSG00000139372	4742	1.03995	384.153	27.3309	3.0954e-07	rs1177457	-34569	21	25	0.3125	1	4.87931e-08	1.07586	0.150442	9.999e-05	8.14436e-05	0.0248029190071095
6__29675385__29676059__ENSG00000204644	9883	0.97359	47.7262	17.6312	2.16509e-07	rs2535240	714	13	14	0.175	1	4.80448e-12	1.61145	0.149037	9.999e-05	1.41428e-05	0.00535119958838356
6__90206568__90271941__ENSG00000112182	4144	1.05442	358.056	26.9555	1.47284e-11	rs60066732	19095	20	29	0.3625	1	4.26713e-13	-1.05202	0.0883704	9.999e-05	1.82493e-09	3.0204353717434e-06
17__47361377__47377903__ENSG00000178852	3408	1.04376	121.636	25.5387	9.28544e-11	rs4968317	-20633	21	31	0.3875	1	8.81351e-13	1.19524	0.1033	9.999e-05	4.97596e-09	5.64824966141352e-06
17__47361377__47379253__ENSG00000178852	3408	1.00769	91.2768	23.5043	2.15613e-10	rs7208530	105363	21	30	0.375	1	2.70427e-13	1.11905	0.0923465	9.999e-05	1.71163e-08	1.64397885414021e-05
17__47370436__47379253__ENSG00000178852	3421	1.03924	113.471	24.7031	1.95512e-06	rs4794371	179890	25	35	0.4375	1	9.28835e-08	-0.845043	0.122151	9.999e-05	0.000156783	0.0396590545684183
17__79077429__79077864__ENSG00000167280	5843	1.03702	850.404	28.1059	2.06877e-07	rs116539064	-55112	10	10	0.125	1	4.81462e-08	-1.34915	0.188529	9.999e-05	0.000125697	0.0341190374389528
17__82905935__82911789__ENSG00000141556	3391	1.01966	177.654	24.5578	1.79927e-08	rs5822550	-8401	24	31	0.3875	1	2.33224e-10	1.21396	0.132138	9.999e-05	2.47166e-06	0.00134180863626597
11__108227594__108235834__ENSG00000149311	4280	1.07413	219.593	26.907	1.62819e-10	rs637064	42587	29	34	0.425	1	6.45629e-12	-1.01459	0.0949679	9.999e-05	9.70595e-09	1.00991888468618e-05
10__7797046__7802854__ENSG00000165629	6302	1.03215	266.668	21.0098	3.19819e-08	rs2802460	-9973	13	18	0.225	1	1.58238e-11	1.19346	0.115894	9.999e-05	5.77969e-06	0.00257736664268465
10__32543299__32584304__ENSG00000216937	5150	1.06209	212.213	26.1441	1.0607e-06	rs7895395	300057	14	15	0.1875	1	1.03048e-07	-0.762295	0.110789	9.999e-05	0.000130008	0.0345383756667656
10__114959725__114974385__ENSG00000165832	3666	1.03308	159.316	26.1078	1.36343e-06	rs7100159	-29549	26	32	0.4	1	1.35865e-07	-1.10485	0.162931	9.999e-05	0.000161988	0.0396590545684183
5__50399858__50411383__ENSG00000170571	3035	0.900309	42.7941	21.0945	8.87312e-08	rs62386438	-189544	5	5	0.0625	1	7.75068e-11	2.46705	0.256081	0.00049995	1.36858e-05	0.00534010627709217
5__65528451__65529199__ENSG00000123219	3979	1.04773	191.554	26.0594	1.08621e-11	rs245537	-42662	30	37	0.4625	1	1.16782e-13	1.21639	0.0971761	9.999e-05	7.84842e-10	1.63328011641285e-06
5__65567512__65572286__ENSG00000113593	4043	1.00566	115.832	21.9664	2.10792e-11	rs36222	89309	18	21	0.2625	1	1.47254e-15	1.41569	0.0959899	9.999e-05	2.17712e-09	3.0204353717434e-06
5__146168127__146172774__ENSG00000133706	3497	0.950296	127.021	23.4316	1.81245e-10	rs35131794	-6276	19	27	0.3375	1	1.97338e-13	1.19768	0.097636	9.999e-05	5.62953e-08	5.02081005590005e-05
5__150374953__150379408__ENSG00000070814	4589	0.993547	229.006	23.1047	9.94446e-12	rs79273852	-32540	10	10	0.125	1	2.71948e-15	1.93113	0.133929	9.999e-05	2.59641e-09	3.24192499411767e-06
5__154033790__154034967__ENSG00000055147	4834	1.0221	233.057	25.5023	7.2937e-08	rs10477090	30236	29	38	0.475	1	2.76297e-09	-0.818524	0.0995697	9.999e-05	1.32101e-05	0.00532076528059573
2__30525586__30533314__ENSG00000172954	4802	1.01051	402.66	27.1734	5.99359e-08	rs13392757	45141	15	15	0.1875	1	6.87536e-09	1.5843	0.201167	9.999e-05	2.1486e-05	0.00766508926045823
2__48328560__48346751__ENSG00000170802	5161	1.10121	272.71	25.1633	1.37476e-06	rs17396440	-285444	7	9	0.1125	1	7.93141e-08	-1.1991	0.171912	0.00019998	0.000161135	0.0396590545684183
2__55206269__55209831__ENSG00000162994	5034	0.989391	127.769	21.8574	1.52552e-06	rs6737227	27199	12	15	0.1875	1	9.28396e-09	1.25201	0.161278	0.00039996	0.000214327	0.0486568382857489
2__97194725__97204263__ENSG00000135976	1807	1.0862	82.2065	25.6477	5.1253e-06	rs6542885	355528	22	24	0.3	1	5.14905e-07	-1.18605	0.188075	0.00019998	0.000207477	0.0479739954330496
2__97198462__97202393__ENSG00000135976	1800	1.06078	77.0531	25.1996	6.71009e-07	rs201946806	389633	25	27	0.3375	1	3.3653e-08	-1.34791	0.184976	9.999e-05	2.76366e-05	0.00932636865356108
2__196139619__196146055__ENSG00000081320	3191	1.03358	120.504	26.2168	7.19954e-07	rs1350101	52034	21	27	0.3375	1	6.80081e-08	0.970778	0.138076	9.999e-05	6.24666e-05	0.0199992150737474
1__58506059__58534331__ENSG00000162600	4676	1.05823	296.114	26.9797	4.93734e-08	rs11207236	-31544	19	25	0.3125	1	4.8532e-09	-0.950468	0.118709	9.999e-05	7.45208e-06	0.00320855287189837
1__58506059__58536741__ENSG00000162600	4676	1.05072	297.554	27.1492	7.89006e-10	rs147589561	12294	19	26	0.325	1	4.85752e-11	-0.93997	0.0956549	9.999e-05	1.05863e-07	7.84000074587396e-05
1__155676547__155679512__ENSG00000163374	2440	0.976646	157.215	24.8	4.03007e-10	rs11264365	-313345	17	18	0.225	1	2.5034e-12	1.1386	0.102576	9.999e-05	9.4209e-08	7.84000074587396e-05
1__243316754__243426558__ENSG00000054282	4238	0.945428	92.7338	16.7715	8.36944e-07	rs115946066	-84295	5	6	0.075	1	1.60548e-11	2.02504	0.196764	0.00069993	0.000132951	0.0345843852579891
